mem_no,first_ord_dt,is_promotion
1,13/01/2024,0
2,23/01/2024,0
3,08/01/2024,0
4,24/01/2024,0
5,22/01/2024,0
6,07/01/2024,0
7,19/01/2024,0
8,14/01/2024,0
9,22/01/2024,0
10,15/01/2024,0
11,16/01/2024,0
12,30/01/2024,0
13,26/01/2024,0
14,14/01/2024,0
15,08/01/2024,0
16,15/01/2024,0
17,13/01/2024,0
18,15/01/2024,0
19,14/01/2024,0
20,30/01/2024,0
21,01/01/2024,0
22,24/01/2024,0
23,23/01/2024,0
24,12/01/2024,0
25,20/01/2024,0
26,28/01/2024,0
27,28/01/2024,0
28,20/01/2024,0
29,07/01/2024,0
30,11/01/2024,0
31,27/01/2024,0
32,07/01/2024,0
33,08/01/2024,0
34,29/01/2024,0
35,18/01/2024,0
36,30/01/2024,0
37,29/01/2024,0
38,07/01/2024,0
39,22/01/2024,0
40,02/01/2024,0
41,20/01/2024,0
42,28/01/2024,0
43,26/01/2024,0
44,13/01/2024,0
45,13/01/2024,0
46,16/01/2024,0
47,01/01/2024,0
48,13/01/2024,0
49,09/01/2024,0
50,12/01/2024,0
51,10/01/2024,0
52,19/01/2024,0
53,30/01/2024,0
54,23/01/2024,0
55,09/01/2024,0
56,19/01/2024,0
57,12/01/2024,0
58,07/01/2024,0
59,15/01/2024,0
60,05/01/2024,0
61,14/01/2024,0
62,14/01/2024,0
63,07/01/2024,0
64,14/01/2024,0
65,13/01/2024,0
66,07/01/2024,0
67,14/01/2024,0
68,13/01/2024,0
69,05/01/2024,0
70,25/01/2024,0
71,06/01/2024,0
72,16/01/2024,0
73,28/01/2024,0
74,01/01/2024,0
75,28/01/2024,0
76,09/01/2024,0
77,28/01/2024,0
78,28/01/2024,0
79,04/01/2024,0
80,27/01/2024,0
81,08/01/2024,0
82,02/01/2024,0
83,09/01/2024,0
84,25/01/2024,0
85,28/01/2024,0
86,15/01/2024,0
87,15/01/2024,0
88,14/01/2024,0
89,25/01/2024,0
90,17/01/2024,0
91,01/01/2024,0
92,28/01/2024,0
93,10/01/2024,0
94,05/01/2024,0
95,25/01/2024,0
96,02/01/2024,0
97,23/01/2024,0
98,14/01/2024,0
99,03/01/2024,0
100,24/01/2024,0
101,07/01/2024,0
102,29/01/2024,0
103,14/01/2024,0
104,26/01/2024,0
105,02/01/2024,0
106,17/01/2024,0
107,22/01/2024,0
108,11/01/2024,0
109,12/01/2024,0
110,09/01/2024,0
111,17/01/2024,0
112,24/01/2024,0
113,13/01/2024,0
114,29/01/2024,0
115,25/01/2024,0
116,03/01/2024,0
117,25/01/2024,0
118,14/01/2024,0
119,24/01/2024,0
120,07/01/2024,0
121,24/01/2024,0
122,12/01/2024,0
123,28/01/2024,0
124,23/01/2024,0
125,25/01/2024,0
126,30/01/2024,0
127,31/01/2024,0
128,12/01/2024,0
129,15/01/2024,0
130,01/01/2024,0
131,06/01/2024,0
132,23/01/2024,0
133,23/01/2024,0
134,16/01/2024,0
135,27/01/2024,0
136,30/01/2024,0
137,11/01/2024,0
138,18/01/2024,0
139,05/01/2024,0
140,07/01/2024,0
141,15/01/2024,0
142,03/01/2024,0
143,08/01/2024,0
144,12/01/2024,0
145,19/01/2024,0
146,01/01/2024,0
147,16/01/2024,0
148,28/01/2024,0
149,23/01/2024,0
150,09/01/2024,0
151,08/01/2024,0
152,15/01/2024,0
153,06/01/2024,0
154,10/01/2024,0
155,13/01/2024,0
156,24/01/2024,0
157,11/01/2024,0
158,29/01/2024,0
159,16/01/2024,0
160,21/01/2024,0
161,17/01/2024,0
162,08/01/2024,0
163,11/01/2024,0
164,22/01/2024,0
165,22/01/2024,0
166,18/01/2024,0
167,31/01/2024,0
168,07/01/2024,0
169,12/01/2024,0
170,26/01/2024,0
171,03/01/2024,0
172,30/01/2024,0
173,01/01/2024,0
174,18/01/2024,0
175,05/01/2024,0
176,05/01/2024,0
177,24/01/2024,0
178,19/01/2024,0
179,29/01/2024,0
180,19/01/2024,0
181,14/01/2024,0
182,30/01/2024,0
183,19/01/2024,0
184,12/01/2024,0
185,30/01/2024,0
186,04/01/2024,0
187,31/01/2024,0
188,30/01/2024,0
189,01/01/2024,0
190,29/01/2024,0
191,06/01/2024,0
192,18/01/2024,0
193,27/01/2024,0
194,13/01/2024,0
195,13/01/2024,0
196,20/01/2024,0
197,13/01/2024,0
198,14/01/2024,0
199,28/01/2024,0
200,14/01/2024,0
201,12/01/2024,0
202,17/01/2024,0
203,01/01/2024,0
204,12/01/2024,0
205,25/01/2024,0
206,06/01/2024,0
207,01/01/2024,0
208,13/01/2024,0
209,13/01/2024,0
210,17/01/2024,0
211,18/01/2024,0
212,07/01/2024,0
213,07/01/2024,0
214,06/01/2024,0
215,13/01/2024,0
216,29/01/2024,0
217,07/01/2024,0
218,01/01/2024,0
219,14/01/2024,0
220,08/01/2024,0
221,14/01/2024,0
222,15/01/2024,0
223,15/01/2024,0
224,28/01/2024,0
225,24/01/2024,0
226,27/01/2024,0
227,18/01/2024,0
228,23/01/2024,0
229,06/01/2024,0
230,22/01/2024,0
231,20/01/2024,0
232,04/01/2024,0
233,09/01/2024,0
234,26/01/2024,0
235,21/01/2024,0
236,21/01/2024,0
237,06/01/2024,0
238,27/01/2024,0
239,14/01/2024,0
240,13/01/2024,0
241,02/01/2024,0
242,23/01/2024,0
243,13/01/2024,0
244,16/01/2024,0
245,27/01/2024,0
246,18/01/2024,0
247,07/01/2024,0
248,15/01/2024,0
249,13/01/2024,0
250,22/01/2024,0
251,11/01/2024,0
252,06/01/2024,0
253,15/01/2024,0
254,03/01/2024,0
255,13/01/2024,0
256,08/01/2024,0
257,08/01/2024,0
258,02/01/2024,0
259,09/01/2024,0
260,26/01/2024,0
261,28/01/2024,0
262,18/01/2024,0
263,23/01/2024,0
264,01/01/2024,0
265,27/01/2024,0
266,17/01/2024,0
267,28/01/2024,0
268,04/01/2024,0
269,30/01/2024,0
270,01/01/2024,0
271,14/01/2024,0
272,05/01/2024,0
273,21/01/2024,0
274,08/01/2024,0
275,26/01/2024,0
276,18/01/2024,0
277,13/01/2024,0
278,09/01/2024,0
279,04/01/2024,0
280,27/01/2024,0
281,08/01/2024,0
282,08/01/2024,0
283,03/01/2024,0
284,22/01/2024,0
285,13/01/2024,0
286,08/01/2024,0
287,10/01/2024,0
288,23/01/2024,0
289,21/01/2024,0
290,21/01/2024,0
291,30/01/2024,0
292,28/01/2024,0
293,18/01/2024,0
294,05/01/2024,0
295,10/01/2024,0
296,11/01/2024,0
297,25/01/2024,0
298,24/01/2024,0
299,12/01/2024,0
300,14/01/2024,0
301,15/01/2024,0
302,25/01/2024,0
303,01/01/2024,0
304,24/01/2024,0
305,05/01/2024,0
306,02/01/2024,0
307,04/01/2024,0
308,11/01/2024,0
309,14/01/2024,0
310,23/01/2024,0
311,29/01/2024,0
312,14/01/2024,0
313,29/01/2024,0
314,25/01/2024,0
315,14/01/2024,0
316,21/01/2024,0
317,26/01/2024,0
318,07/01/2024,0
319,14/01/2024,0
320,24/01/2024,0
321,26/01/2024,0
322,08/01/2024,0
323,25/01/2024,0
324,20/01/2024,0
325,13/01/2024,0
326,14/01/2024,0
327,24/01/2024,0
328,04/01/2024,0
329,13/01/2024,0
330,22/01/2024,0
331,08/01/2024,0
332,22/01/2024,0
333,12/01/2024,0
334,15/01/2024,0
335,14/01/2024,0
336,15/01/2024,0
337,05/01/2024,0
338,30/01/2024,0
339,29/01/2024,0
340,06/01/2024,0
341,14/01/2024,0
342,07/01/2024,0
343,27/01/2024,0
344,22/01/2024,0
345,27/01/2024,0
346,10/01/2024,0
347,13/01/2024,0
348,16/01/2024,0
349,11/01/2024,0
350,19/01/2024,0
351,14/01/2024,0
352,18/01/2024,0
353,04/01/2024,0
354,07/01/2024,0
355,28/01/2024,0
356,23/01/2024,0
357,04/01/2024,0
358,13/01/2024,0
359,20/01/2024,0
360,19/01/2024,0
361,04/01/2024,0
362,09/01/2024,0
363,09/01/2024,0
364,06/01/2024,0
365,12/01/2024,0
366,24/01/2024,0
367,31/01/2024,0
368,10/01/2024,0
369,09/01/2024,0
370,14/01/2024,0
371,16/01/2024,0
372,09/01/2024,0
373,29/01/2024,0
374,22/01/2024,0
375,01/01/2024,0
376,25/01/2024,0
377,07/01/2024,0
378,02/01/2024,0
379,01/01/2024,0
380,31/01/2024,0
381,23/01/2024,0
382,27/01/2024,0
383,05/01/2024,0
384,22/01/2024,0
385,29/01/2024,0
386,10/01/2024,0
387,10/01/2024,0
388,20/01/2024,0
389,01/01/2024,0
390,01/01/2024,0
391,23/01/2024,0
392,18/01/2024,0
393,28/01/2024,0
394,06/01/2024,0
395,07/01/2024,0
396,18/01/2024,0
397,14/01/2024,0
398,28/01/2024,0
399,16/01/2024,0
400,08/01/2024,0
401,18/01/2024,0
402,20/01/2024,0
403,09/01/2024,0
404,22/01/2024,0
405,07/01/2024,0
406,08/01/2024,0
407,24/01/2024,0
408,01/01/2024,0
409,24/01/2024,0
410,20/01/2024,0
411,27/01/2024,0
412,25/01/2024,0
413,28/01/2024,0
414,13/01/2024,0
415,14/01/2024,0
416,27/01/2024,0
417,27/01/2024,0
418,29/01/2024,0
419,30/01/2024,0
420,21/01/2024,0
421,09/01/2024,0
422,26/01/2024,0
423,09/01/2024,0
424,16/01/2024,0
425,23/01/2024,0
426,10/01/2024,0
427,01/01/2024,0
428,02/01/2024,0
429,21/01/2024,0
430,05/01/2024,0
431,05/01/2024,0
432,15/01/2024,0
433,29/01/2024,0
434,21/01/2024,0
435,23/01/2024,0
436,27/01/2024,0
437,08/01/2024,0
438,06/01/2024,0
439,25/01/2024,0
440,25/01/2024,0
441,15/01/2024,0
442,03/01/2024,0
443,23/01/2024,0
444,28/01/2024,0
445,28/01/2024,0
446,10/01/2024,0
447,14/01/2024,0
448,28/01/2024,0
449,11/01/2024,0
450,05/01/2024,0
451,09/01/2024,0
452,11/01/2024,0
453,14/01/2024,0
454,02/01/2024,0
455,09/01/2024,0
456,23/01/2024,0
457,15/01/2024,0
458,14/01/2024,0
459,16/01/2024,0
460,20/01/2024,0
461,12/01/2024,0
462,02/01/2024,0
463,17/01/2024,0
464,01/01/2024,0
465,31/01/2024,0
466,03/01/2024,0
467,26/01/2024,0
468,23/01/2024,0
469,14/01/2024,0
470,22/01/2024,0
471,05/01/2024,0
472,16/01/2024,0
473,22/01/2024,0
474,04/01/2024,0
475,14/01/2024,0
476,27/01/2024,0
477,06/01/2024,0
478,13/01/2024,0
479,06/01/2024,0
480,23/01/2024,0
481,25/01/2024,0
482,30/01/2024,0
483,28/01/2024,0
484,02/01/2024,0
485,18/01/2024,0
486,28/01/2024,0
487,17/01/2024,0
488,06/01/2024,0
489,16/01/2024,0
490,24/01/2024,0
491,29/01/2024,0
492,19/01/2024,0
493,08/01/2024,0
494,15/01/2024,0
495,06/01/2024,0
496,18/01/2024,0
497,10/01/2024,0
498,21/01/2024,0
499,09/01/2024,0
500,15/01/2024,0
501,19/01/2024,0
502,31/01/2024,0
503,10/01/2024,0
504,16/01/2024,0
505,13/01/2024,0
506,23/01/2024,0
507,23/01/2024,0
508,27/01/2024,0
509,08/01/2024,0
510,06/01/2024,0
511,24/01/2024,0
512,05/01/2024,0
513,29/01/2024,0
514,03/01/2024,0
515,29/01/2024,0
516,07/01/2024,0
517,05/01/2024,0
518,26/01/2024,0
519,06/01/2024,0
520,27/01/2024,0
521,08/01/2024,0
522,14/01/2024,0
523,15/01/2024,0
524,09/01/2024,0
525,08/01/2024,0
526,23/01/2024,0
527,25/01/2024,0
528,10/01/2024,0
529,23/01/2024,0
530,01/01/2024,0
531,07/01/2024,0
532,01/01/2024,0
533,19/01/2024,0
534,16/01/2024,0
535,17/01/2024,0
536,08/01/2024,0
537,30/01/2024,0
538,06/01/2024,0
539,01/01/2024,0
540,28/01/2024,0
541,13/01/2024,0
542,15/01/2024,0
543,15/01/2024,0
544,19/01/2024,0
545,03/01/2024,0
546,17/01/2024,0
547,12/01/2024,0
548,02/01/2024,0
549,18/01/2024,0
550,07/01/2024,0
551,27/01/2024,0
552,09/01/2024,0
553,25/01/2024,0
554,14/01/2024,0
555,14/01/2024,0
556,11/01/2024,0
557,27/01/2024,0
558,08/01/2024,0
559,19/01/2024,0
560,22/01/2024,0
561,08/01/2024,0
562,24/01/2024,0
563,17/01/2024,0
564,30/01/2024,0
565,06/01/2024,0
566,17/01/2024,0
567,28/01/2024,0
568,06/01/2024,0
569,28/01/2024,0
570,31/01/2024,0
571,14/01/2024,0
572,26/01/2024,0
573,03/01/2024,0
574,21/01/2024,0
575,10/01/2024,0
576,08/01/2024,0
577,25/01/2024,0
578,09/01/2024,0
579,01/01/2024,0
580,17/01/2024,0
581,23/01/2024,0
582,31/01/2024,0
583,17/01/2024,0
584,18/01/2024,0
585,27/01/2024,0
586,03/01/2024,0
587,14/01/2024,0
588,14/01/2024,0
589,28/01/2024,0
590,16/01/2024,0
591,13/01/2024,0
592,21/01/2024,0
593,21/01/2024,0
594,02/01/2024,0
595,15/01/2024,0
596,28/01/2024,0
597,11/01/2024,0
598,27/01/2024,0
599,19/01/2024,0
600,08/01/2024,0
601,23/01/2024,0
602,23/01/2024,0
603,20/01/2024,0
604,22/01/2024,0
605,11/01/2024,0
606,24/01/2024,0
607,09/01/2024,0
608,27/01/2024,0
609,08/01/2024,0
610,27/01/2024,0
611,03/01/2024,0
612,30/01/2024,0
613,23/01/2024,0
614,12/01/2024,0
615,17/01/2024,0
616,04/01/2024,0
617,29/01/2024,0
618,24/01/2024,0
619,08/01/2024,0
620,19/01/2024,0
621,28/01/2024,0
622,20/01/2024,0
623,27/01/2024,0
624,20/01/2024,0
625,25/01/2024,0
626,21/01/2024,0
627,28/01/2024,0
628,25/01/2024,0
629,22/01/2024,0
630,07/01/2024,0
631,27/01/2024,0
632,29/01/2024,0
633,05/01/2024,0
634,07/01/2024,0
635,28/01/2024,0
636,02/01/2024,0
637,07/01/2024,0
638,12/01/2024,0
639,02/01/2024,0
640,02/01/2024,0
641,31/01/2024,0
642,01/01/2024,0
643,16/01/2024,0
644,29/01/2024,0
645,24/01/2024,0
646,05/01/2024,0
647,04/01/2024,0
648,15/01/2024,0
649,05/01/2024,0
650,14/01/2024,0
651,18/01/2024,0
652,17/01/2024,0
653,12/01/2024,0
654,28/01/2024,0
655,31/01/2024,0
656,08/01/2024,0
657,14/01/2024,0
658,01/01/2024,0
659,14/01/2024,0
660,15/01/2024,0
661,13/01/2024,0
662,29/01/2024,0
663,06/01/2024,0
664,07/01/2024,0
665,30/01/2024,0
666,25/01/2024,0
667,11/01/2024,0
668,05/01/2024,0
669,01/01/2024,0
670,27/01/2024,0
671,15/01/2024,0
672,30/01/2024,0
673,26/01/2024,0
674,18/01/2024,0
675,31/01/2024,0
676,13/01/2024,0
677,30/01/2024,0
678,13/01/2024,0
679,25/01/2024,0
680,06/01/2024,0
681,04/01/2024,0
682,07/01/2024,0
683,24/01/2024,0
684,26/01/2024,0
685,13/01/2024,0
686,20/01/2024,0
687,06/01/2024,0
688,23/01/2024,0
689,10/01/2024,0
690,21/01/2024,0
691,24/01/2024,0
692,15/01/2024,0
693,01/01/2024,0
694,11/01/2024,0
695,14/01/2024,0
696,27/01/2024,0
697,05/01/2024,0
698,23/01/2024,0
699,06/01/2024,0
700,27/01/2024,0
701,28/01/2024,0
702,15/01/2024,0
703,01/01/2024,0
704,29/01/2024,0
705,14/01/2024,0
706,17/01/2024,0
707,29/01/2024,0
708,13/01/2024,0
709,04/01/2024,0
710,20/01/2024,0
711,13/01/2024,0
712,30/01/2024,0
713,14/01/2024,0
714,09/01/2024,0
715,12/01/2024,0
716,07/01/2024,0
717,24/01/2024,0
718,15/01/2024,0
719,21/01/2024,0
720,15/01/2024,0
721,18/01/2024,0
722,19/01/2024,0
723,06/01/2024,0
724,01/01/2024,0
725,17/01/2024,0
726,11/01/2024,0
727,08/01/2024,0
728,18/01/2024,0
729,04/01/2024,0
730,28/01/2024,0
731,28/01/2024,0
732,22/01/2024,0
733,01/01/2024,0
734,15/01/2024,0
735,08/01/2024,0
736,12/01/2024,0
737,28/01/2024,0
738,16/01/2024,0
739,13/01/2024,0
740,27/01/2024,0
741,02/01/2024,0
742,08/01/2024,0
743,24/01/2024,0
744,13/01/2024,0
745,01/01/2024,0
746,12/01/2024,0
747,12/01/2024,0
748,11/01/2024,0
749,13/01/2024,0
750,11/01/2024,0
751,28/01/2024,0
752,20/01/2024,0
753,14/01/2024,0
754,07/01/2024,0
755,02/01/2024,0
756,22/01/2024,0
757,07/01/2024,0
758,13/01/2024,0
759,04/01/2024,0
760,02/01/2024,0
761,15/01/2024,0
762,01/01/2024,0
763,04/01/2024,0
764,20/01/2024,0
765,21/01/2024,0
766,05/01/2024,0
767,16/01/2024,0
768,08/01/2024,0
769,21/01/2024,0
770,22/01/2024,0
771,20/01/2024,0
772,16/01/2024,0
773,10/01/2024,0
774,12/01/2024,0
775,13/01/2024,0
776,22/01/2024,0
777,20/01/2024,0
778,21/01/2024,0
779,01/01/2024,0
780,26/01/2024,0
781,07/01/2024,0
782,15/01/2024,0
783,13/01/2024,0
784,11/01/2024,0
785,11/01/2024,0
786,01/01/2024,0
787,16/01/2024,0
788,09/01/2024,0
789,18/01/2024,0
790,21/01/2024,0
791,04/01/2024,0
792,01/01/2024,0
793,15/01/2024,0
794,21/01/2024,0
795,31/01/2024,0
796,06/01/2024,0
797,01/01/2024,0
798,16/01/2024,0
799,18/01/2024,0
800,08/01/2024,0
801,15/01/2024,0
802,11/01/2024,0
803,04/01/2024,0
804,08/01/2024,0
805,13/01/2024,0
806,14/01/2024,0
807,05/01/2024,0
808,05/01/2024,0
809,28/01/2024,0
810,15/01/2024,0
811,12/01/2024,0
812,09/01/2024,0
813,27/01/2024,0
814,29/01/2024,0
815,01/01/2024,0
816,28/01/2024,0
817,29/01/2024,0
818,13/01/2024,0
819,17/01/2024,0
820,06/01/2024,0
821,30/01/2024,0
822,08/01/2024,0
823,30/01/2024,0
824,22/01/2024,0
825,29/01/2024,0
826,26/01/2024,0
827,17/01/2024,0
828,24/01/2024,0
829,26/01/2024,0
830,22/01/2024,0
831,25/01/2024,0
832,03/01/2024,0
833,13/01/2024,0
834,30/01/2024,0
835,25/01/2024,0
836,09/01/2024,0
837,12/01/2024,0
838,14/01/2024,0
839,24/01/2024,0
840,14/01/2024,0
841,21/01/2024,0
842,25/01/2024,0
843,06/01/2024,0
844,06/01/2024,0
845,12/01/2024,0
846,07/01/2024,0
847,14/01/2024,0
848,20/01/2024,0
849,08/01/2024,0
850,25/01/2024,0
851,04/01/2024,0
852,08/01/2024,0
853,29/01/2024,0
854,16/01/2024,0
855,30/01/2024,0
856,24/01/2024,0
857,07/01/2024,0
858,28/01/2024,0
859,31/01/2024,0
860,02/01/2024,0
861,27/01/2024,0
862,21/01/2024,0
863,18/01/2024,0
864,26/01/2024,0
865,25/01/2024,0
866,29/01/2024,0
867,22/01/2024,0
868,04/01/2024,0
869,09/01/2024,0
870,14/01/2024,0
871,13/01/2024,0
872,01/01/2024,0
873,18/01/2024,0
874,29/01/2024,0
875,30/01/2024,0
876,04/01/2024,0
877,02/01/2024,0
878,15/01/2024,0
879,31/01/2024,0
880,26/01/2024,0
881,13/01/2024,0
882,08/01/2024,0
883,30/01/2024,0
884,25/01/2024,0
885,06/01/2024,0
886,02/01/2024,0
887,14/01/2024,0
888,14/01/2024,0
889,23/01/2024,0
890,16/01/2024,0
891,05/01/2024,0
892,08/01/2024,0
893,31/01/2024,0
894,03/01/2024,0
895,25/01/2024,0
896,22/01/2024,0
897,08/01/2024,0
898,30/01/2024,0
899,15/01/2024,0
900,10/01/2024,0
901,28/01/2024,0
902,21/01/2024,0
903,07/01/2024,0
904,28/01/2024,0
905,20/01/2024,0
906,25/01/2024,0
907,26/01/2024,0
908,13/01/2024,0
909,15/01/2024,0
910,16/01/2024,0
911,11/01/2024,0
912,23/01/2024,0
913,03/01/2024,0
914,22/01/2024,0
915,20/01/2024,0
916,01/01/2024,0
917,13/01/2024,0
918,25/01/2024,0
919,01/01/2024,0
920,03/01/2024,0
921,05/01/2024,0
922,03/01/2024,0
923,20/01/2024,0
924,18/01/2024,0
925,12/01/2024,0
926,18/01/2024,0
927,15/01/2024,0
928,26/01/2024,0
929,02/01/2024,0
930,19/01/2024,0
931,25/01/2024,0
932,10/01/2024,0
933,23/01/2024,0
934,14/01/2024,0
935,24/01/2024,0
936,12/01/2024,0
937,02/01/2024,0
938,09/01/2024,0
939,03/01/2024,0
940,01/01/2024,0
941,06/01/2024,0
942,06/01/2024,0
943,06/01/2024,0
944,13/01/2024,0
945,04/01/2024,0
946,28/01/2024,0
947,01/01/2024,0
948,14/01/2024,0
949,20/01/2024,0
950,08/01/2024,0
951,21/01/2024,0
952,18/01/2024,0
953,27/01/2024,0
954,29/01/2024,0
955,17/01/2024,0
956,15/01/2024,0
957,08/01/2024,0
958,16/01/2024,0
959,03/01/2024,0
960,09/01/2024,0
961,01/01/2024,0
962,25/01/2024,0
963,28/01/2024,0
964,16/01/2024,0
965,22/01/2024,0
966,10/01/2024,0
967,23/01/2024,0
968,28/01/2024,0
969,24/01/2024,0
970,29/01/2024,0
971,11/01/2024,0
972,13/01/2024,0
973,14/01/2024,0
974,24/01/2024,0
975,29/01/2024,0
976,17/01/2024,0
977,14/01/2024,0
978,12/01/2024,0
979,01/01/2024,0
980,24/01/2024,0
981,14/01/2024,0
982,08/01/2024,0
983,05/01/2024,0
984,06/01/2024,0
985,23/01/2024,0
986,06/01/2024,0
987,01/01/2024,0
988,23/01/2024,0
989,13/01/2024,0
990,12/01/2024,0
991,11/01/2024,0
992,29/01/2024,0
993,23/01/2024,0
994,21/01/2024,0
995,08/01/2024,0
996,27/01/2024,0
997,07/01/2024,0
998,31/01/2024,0
999,28/01/2024,0
1000,21/01/2024,0
1001,25/01/2024,1
1002,05/01/2024,1
1003,02/01/2024,1
1004,29/01/2024,1
1005,22/01/2024,1
1006,10/01/2024,1
1007,29/01/2024,1
1008,21/01/2024,1
1009,04/01/2024,1
1010,25/01/2024,1
1011,30/01/2024,1
1012,09/01/2024,1
1013,23/01/2024,1
1014,31/01/2024,1
1015,20/01/2024,1
1016,29/01/2024,1
1017,21/01/2024,1
1018,08/01/2024,1
1019,11/01/2024,1
1020,08/01/2024,1
1021,25/01/2024,1
1022,10/01/2024,1
1023,19/01/2024,1
1024,22/01/2024,1
1025,23/01/2024,1
1026,30/01/2024,1
1027,10/01/2024,1
1028,20/01/2024,1
1029,18/01/2024,1
1030,14/01/2024,1
1031,24/01/2024,1
1032,11/01/2024,1
1033,23/01/2024,1
1034,20/01/2024,1
1035,27/01/2024,1
1036,05/01/2024,1
1037,08/01/2024,1
1038,07/01/2024,1
1039,22/01/2024,1
1040,07/01/2024,1
1041,20/01/2024,1
1042,14/01/2024,1
1043,07/01/2024,1
1044,12/01/2024,1
1045,17/01/2024,1
1046,23/01/2024,1
1047,07/01/2024,1
1048,10/01/2024,1
1049,09/01/2024,1
1050,04/01/2024,1
1051,10/01/2024,1
1052,12/01/2024,1
1053,29/01/2024,1
1054,22/01/2024,1
1055,21/01/2024,1
1056,08/01/2024,1
1057,23/01/2024,1
1058,09/01/2024,1
1059,06/01/2024,1
1060,30/01/2024,1
1061,15/01/2024,1
1062,07/01/2024,1
1063,22/01/2024,1
1064,19/01/2024,1
1065,13/01/2024,1
1066,11/01/2024,1
1067,03/01/2024,1
1068,30/01/2024,1
1069,23/01/2024,1
1070,08/01/2024,1
1071,24/01/2024,1
1072,05/01/2024,1
1073,27/01/2024,1
1074,07/01/2024,1
1075,27/01/2024,1
1076,22/01/2024,1
1077,20/01/2024,1
1078,29/01/2024,1
1079,08/01/2024,1
1080,07/01/2024,1
1081,30/01/2024,1
1082,07/01/2024,1
1083,07/01/2024,1
1084,29/01/2024,1
1085,30/01/2024,1
1086,08/01/2024,1
1087,25/01/2024,1
1088,01/01/2024,1
1089,21/01/2024,1
1090,08/01/2024,1
1091,30/01/2024,1
1092,14/01/2024,1
1093,04/01/2024,1
1094,19/01/2024,1
1095,27/01/2024,1
1096,20/01/2024,1
1097,11/01/2024,1
1098,20/01/2024,1
1099,16/01/2024,1
1100,24/01/2024,1
1101,03/01/2024,1
1102,22/01/2024,1
1103,29/01/2024,1
1104,26/01/2024,1
1105,27/01/2024,1
1106,19/01/2024,1
1107,06/01/2024,1
1108,22/01/2024,1
1109,21/01/2024,1
1110,14/01/2024,1
1111,07/01/2024,1
1112,28/01/2024,1
1113,31/01/2024,1
1114,30/01/2024,1
1115,22/01/2024,1
1116,12/01/2024,1
1117,08/01/2024,1
1118,31/01/2024,1
1119,17/01/2024,1
1120,14/01/2024,1
1121,11/01/2024,1
1122,06/01/2024,1
1123,12/01/2024,1
1124,15/01/2024,1
1125,01/01/2024,1
1126,14/01/2024,1
1127,23/01/2024,1
1128,27/01/2024,1
1129,02/01/2024,1
1130,21/01/2024,1
1131,29/01/2024,1
1132,22/01/2024,1
1133,04/01/2024,1
1134,08/01/2024,1
1135,28/01/2024,1
1136,04/01/2024,1
1137,11/01/2024,1
1138,27/01/2024,1
1139,09/01/2024,1
1140,02/01/2024,1
1141,14/01/2024,1
1142,13/01/2024,1
1143,07/01/2024,1
1144,14/01/2024,1
1145,31/01/2024,1
1146,16/01/2024,1
1147,06/01/2024,1
1148,22/01/2024,1
1149,23/01/2024,1
1150,31/01/2024,1
1151,12/01/2024,1
1152,21/01/2024,1
1153,11/01/2024,1
1154,11/01/2024,1
1155,11/01/2024,1
1156,28/01/2024,1
1157,10/01/2024,1
1158,14/01/2024,1
1159,08/01/2024,1
1160,13/01/2024,1
1161,26/01/2024,1
1162,31/01/2024,1
1163,08/01/2024,1
1164,19/01/2024,1
1165,07/01/2024,1
1166,20/01/2024,1
1167,13/01/2024,1
1168,28/01/2024,1
1169,01/01/2024,1
1170,01/01/2024,1
1171,10/01/2024,1
1172,26/01/2024,1
1173,13/01/2024,1
1174,13/01/2024,1
1175,25/01/2024,1
1176,30/01/2024,1
1177,21/01/2024,1
1178,23/01/2024,1
1179,30/01/2024,1
1180,22/01/2024,1
1181,31/01/2024,1
1182,22/01/2024,1
1183,27/01/2024,1
1184,20/01/2024,1
1185,23/01/2024,1
1186,24/01/2024,1
1187,12/01/2024,1
1188,25/01/2024,1
1189,29/01/2024,1
1190,15/01/2024,1
1191,09/01/2024,1
1192,30/01/2024,1
1193,27/01/2024,1
1194,15/01/2024,1
1195,30/01/2024,1
1196,03/01/2024,1
1197,03/01/2024,1
1198,22/01/2024,1
1199,05/01/2024,1
1200,20/01/2024,1
1201,21/01/2024,1
1202,19/01/2024,1
1203,08/01/2024,1
1204,07/01/2024,1
1205,04/01/2024,1
1206,02/01/2024,1
1207,04/01/2024,1
1208,26/01/2024,1
1209,03/01/2024,1
1210,26/01/2024,1
1211,25/01/2024,1
1212,17/01/2024,1
1213,06/01/2024,1
1214,23/01/2024,1
1215,25/01/2024,1
1216,11/01/2024,1
1217,24/01/2024,1
1218,27/01/2024,1
1219,14/01/2024,1
1220,08/01/2024,1
1221,07/01/2024,1
1222,11/01/2024,1
1223,22/01/2024,1
1224,30/01/2024,1
1225,07/01/2024,1
1226,29/01/2024,1
1227,23/01/2024,1
1228,01/01/2024,1
1229,07/01/2024,1
1230,07/01/2024,1
1231,19/01/2024,1
1232,20/01/2024,1
1233,17/01/2024,1
1234,15/01/2024,1
1235,20/01/2024,1
1236,23/01/2024,1
1237,07/01/2024,1
1238,13/01/2024,1
1239,05/01/2024,1
1240,13/01/2024,1
1241,21/01/2024,1
1242,04/01/2024,1
1243,04/01/2024,1
1244,01/01/2024,1
1245,12/01/2024,1
1246,13/01/2024,1
1247,09/01/2024,1
1248,15/01/2024,1
1249,26/01/2024,1
1250,14/01/2024,1
1251,06/01/2024,1
1252,09/01/2024,1
1253,09/01/2024,1
1254,06/01/2024,1
1255,15/01/2024,1
1256,31/01/2024,1
1257,05/01/2024,1
1258,14/01/2024,1
1259,28/01/2024,1
1260,03/01/2024,1
1261,02/01/2024,1
1262,14/01/2024,1
1263,12/01/2024,1
1264,06/01/2024,1
1265,21/01/2024,1
1266,24/01/2024,1
1267,21/01/2024,1
1268,24/01/2024,1
1269,07/01/2024,1
1270,30/01/2024,1
1271,01/01/2024,1
1272,20/01/2024,1
1273,08/01/2024,1
1274,08/01/2024,1
1275,28/01/2024,1
1276,08/01/2024,1
1277,30/01/2024,1
1278,31/01/2024,1
1279,13/01/2024,1
1280,18/01/2024,1
1281,09/01/2024,1
1282,16/01/2024,1
1283,17/01/2024,1
1284,24/01/2024,1
1285,08/01/2024,1
1286,20/01/2024,1
1287,04/01/2024,1
1288,05/01/2024,1
1289,13/01/2024,1
1290,31/01/2024,1
1291,22/01/2024,1
1292,05/01/2024,1
1293,03/01/2024,1
1294,07/01/2024,1
1295,14/01/2024,1
1296,12/01/2024,1
1297,14/01/2024,1
1298,06/01/2024,1
1299,22/01/2024,1
1300,22/01/2024,1
1301,14/01/2024,1
1302,23/01/2024,1
1303,14/01/2024,1
1304,18/01/2024,1
1305,09/01/2024,1
1306,13/01/2024,1
1307,14/01/2024,1
1308,07/01/2024,1
1309,07/01/2024,1
1310,30/01/2024,1
1311,15/01/2024,1
1312,09/01/2024,1
1313,16/01/2024,1
1314,06/01/2024,1
1315,05/01/2024,1
1316,22/01/2024,1
1317,27/01/2024,1
1318,18/01/2024,1
1319,04/01/2024,1
1320,08/01/2024,1
1321,27/01/2024,1
1322,21/01/2024,1
1323,13/01/2024,1
1324,07/01/2024,1
1325,22/01/2024,1
1326,29/01/2024,1
1327,03/01/2024,1
1328,16/01/2024,1
1329,14/01/2024,1
1330,04/01/2024,1
1331,15/01/2024,1
1332,29/01/2024,1
1333,28/01/2024,1
1334,13/01/2024,1
1335,30/01/2024,1
1336,25/01/2024,1
1337,24/01/2024,1
1338,05/01/2024,1
1339,28/01/2024,1
1340,31/01/2024,1
1341,24/01/2024,1
1342,07/01/2024,1
1343,15/01/2024,1
1344,09/01/2024,1
1345,26/01/2024,1
1346,17/01/2024,1
1347,12/01/2024,1
1348,13/01/2024,1
1349,21/01/2024,1
1350,12/01/2024,1
1351,03/01/2024,1
1352,01/01/2024,1
1353,20/01/2024,1
1354,21/01/2024,1
1355,25/01/2024,1
1356,27/01/2024,1
1357,07/01/2024,1
1358,31/01/2024,1
1359,18/01/2024,1
1360,10/01/2024,1
1361,08/01/2024,1
1362,04/01/2024,1
1363,24/01/2024,1
1364,09/01/2024,1
1365,01/01/2024,1
1366,11/01/2024,1
1367,06/01/2024,1
1368,15/01/2024,1
1369,15/01/2024,1
1370,10/01/2024,1
1371,10/01/2024,1
1372,15/01/2024,1
1373,07/01/2024,1
1374,03/01/2024,1
1375,03/01/2024,1
1376,08/01/2024,1
1377,08/01/2024,1
1378,25/01/2024,1
1379,18/01/2024,1
1380,20/01/2024,1
1381,16/01/2024,1
1382,24/01/2024,1
1383,29/01/2024,1
1384,22/01/2024,1
1385,06/01/2024,1
1386,09/01/2024,1
1387,06/01/2024,1
1388,02/01/2024,1
1389,22/01/2024,1
1390,28/01/2024,1
1391,24/01/2024,1
1392,10/01/2024,1
1393,05/01/2024,1
1394,08/01/2024,1
1395,17/01/2024,1
1396,02/01/2024,1
1397,23/01/2024,1
1398,08/01/2024,1
1399,16/01/2024,1
1400,23/01/2024,1
1401,19/01/2024,1
1402,05/01/2024,1
1403,07/01/2024,1
1404,14/01/2024,1
1405,01/01/2024,1
1406,24/01/2024,1
1407,21/01/2024,1
1408,23/01/2024,1
1409,18/01/2024,1
1410,14/01/2024,1
1411,07/01/2024,1
1412,23/01/2024,1
1413,11/01/2024,1
1414,31/01/2024,1
1415,25/01/2024,1
1416,05/01/2024,1
1417,04/01/2024,1
1418,01/01/2024,1
1419,07/01/2024,1
1420,23/01/2024,1
1421,13/01/2024,1
1422,03/01/2024,1
1423,01/01/2024,1
1424,08/01/2024,1
1425,09/01/2024,1
1426,06/01/2024,1
1427,18/01/2024,1
1428,13/01/2024,1
1429,30/01/2024,1
1430,25/01/2024,1
1431,29/01/2024,1
1432,24/01/2024,1
1433,06/01/2024,1
1434,08/01/2024,1
1435,06/01/2024,1
1436,14/01/2024,1
1437,03/01/2024,1
1438,13/01/2024,1
1439,15/01/2024,1
1440,20/01/2024,1
1441,19/01/2024,1
1442,15/01/2024,1
1443,15/01/2024,1
1444,06/01/2024,1
1445,08/01/2024,1
1446,06/01/2024,1
1447,15/01/2024,1
1448,13/01/2024,1
1449,20/01/2024,1
1450,14/01/2024,1
1451,04/01/2024,1
1452,12/01/2024,1
1453,19/01/2024,1
1454,10/01/2024,1
1455,14/01/2024,1
1456,02/01/2024,1
1457,08/01/2024,1
1458,30/01/2024,1
1459,13/01/2024,1
1460,05/01/2024,1
1461,08/01/2024,1
1462,02/01/2024,1
1463,02/01/2024,1
1464,08/01/2024,1
1465,09/01/2024,1
1466,30/01/2024,1
1467,07/01/2024,1
1468,28/01/2024,1
1469,06/01/2024,1
1470,22/01/2024,1
1471,25/01/2024,1
1472,05/01/2024,1
1473,02/01/2024,1
1474,18/01/2024,1
1475,02/01/2024,1
1476,08/01/2024,1
1477,06/01/2024,1
1478,08/01/2024,1
1479,08/01/2024,1
1480,23/01/2024,1
1481,06/01/2024,1
1482,02/01/2024,1
1483,08/01/2024,1
1484,20/01/2024,1
1485,09/01/2024,1
1486,01/01/2024,1
1487,05/01/2024,1
1488,12/01/2024,1
1489,14/01/2024,1
1490,10/01/2024,1
1491,20/01/2024,1
1492,21/01/2024,1
1493,13/01/2024,1
1494,06/01/2024,1
1495,17/01/2024,1
1496,08/01/2024,1
1497,25/01/2024,1
1498,01/01/2024,1
1499,17/01/2024,1
1500,14/01/2024,1
1501,04/01/2024,1
1502,01/01/2024,1
1503,30/01/2024,1
1504,03/01/2024,1
1505,08/01/2024,1
1506,02/01/2024,1
1507,25/01/2024,1
1508,09/01/2024,1
1509,10/01/2024,1
1510,07/01/2024,1
1511,20/01/2024,1
1512,08/01/2024,1
1513,14/01/2024,1
1514,04/01/2024,1
1515,29/01/2024,1
1516,28/01/2024,1
1517,01/01/2024,1
1518,26/01/2024,1
1519,27/01/2024,1
1520,14/01/2024,1
1521,01/01/2024,1
1522,15/01/2024,1
1523,10/01/2024,1
1524,04/01/2024,1
1525,02/01/2024,1
1526,30/01/2024,1
1527,13/01/2024,1
1528,19/01/2024,1
1529,06/01/2024,1
1530,07/01/2024,1
1531,07/01/2024,1
1532,08/01/2024,1
1533,06/01/2024,1
1534,09/01/2024,1
1535,18/01/2024,1
1536,15/01/2024,1
1537,10/01/2024,1
1538,06/01/2024,1
1539,08/01/2024,1
1540,09/01/2024,1
1541,12/01/2024,1
1542,07/01/2024,1
1543,20/01/2024,1
1544,10/01/2024,1
1545,09/01/2024,1
1546,03/01/2024,1
1547,06/01/2024,1
1548,10/01/2024,1
1549,01/01/2024,1
1550,28/01/2024,1
1551,21/01/2024,1
1552,23/01/2024,1
1553,18/01/2024,1
1554,22/01/2024,1
1555,18/01/2024,1
1556,20/01/2024,1
1557,03/01/2024,1
1558,03/01/2024,1
1559,10/01/2024,1
1560,13/01/2024,1
1561,19/01/2024,1
1562,07/01/2024,1
1563,05/01/2024,1
1564,15/01/2024,1
1565,06/01/2024,1
1566,18/01/2024,1
1567,06/01/2024,1
1568,07/01/2024,1
1569,29/01/2024,1
1570,17/01/2024,1
1571,08/01/2024,1
1572,12/01/2024,1
1573,16/01/2024,1
1574,21/01/2024,1
1575,17/01/2024,1
1576,06/01/2024,1
1577,28/01/2024,1
1578,23/01/2024,1
1579,14/01/2024,1
1580,09/01/2024,1
1581,15/01/2024,1
1582,23/01/2024,1
1583,17/01/2024,1
1584,08/01/2024,1
1585,18/01/2024,1
1586,18/01/2024,1
1587,09/01/2024,1
1588,08/01/2024,1
1589,23/01/2024,1
1590,08/01/2024,1
1591,02/01/2024,1
1592,11/01/2024,1
1593,21/01/2024,1
1594,01/01/2024,1
1595,01/01/2024,1
1596,01/01/2024,1
1597,01/01/2024,1
1598,15/01/2024,1
1599,05/01/2024,1
1600,08/01/2024,1
1601,14/01/2024,1
1602,06/01/2024,1
1603,09/01/2024,1
1604,07/01/2024,1
1605,08/01/2024,1
1606,03/01/2024,1
1607,01/01/2024,1
1608,01/01/2024,1
1609,08/01/2024,1
1610,06/01/2024,1
1611,20/01/2024,1
1612,29/01/2024,1
1613,28/01/2024,1
1614,21/01/2024,1
1615,07/01/2024,1
1616,18/01/2024,1
1617,04/01/2024,1
1618,05/01/2024,1
1619,02/01/2024,1
1620,21/01/2024,1
1621,05/01/2024,1
1622,15/01/2024,1
1623,15/01/2024,1
1624,21/01/2024,1
1625,08/01/2024,1
1626,05/01/2024,1
1627,01/01/2024,1
1628,01/01/2024,1
1629,19/01/2024,1
1630,01/01/2024,1
1631,10/01/2024,1
1632,01/01/2024,1
1633,04/01/2024,1
1634,01/01/2024,1
1635,01/01/2024,1
1636,01/01/2024,1
1637,01/01/2024,1
1638,01/01/2024,1
1639,01/01/2024,1
1640,01/01/2024,1
1641,31/01/2024,1
1642,27/01/2024,1
1643,02/01/2024,1
1644,01/01/2024,1
1645,01/01/2024,1
1646,24/01/2024,1
1647,01/01/2024,1
1648,20/01/2024,1
1649,27/01/2024,1
1650,05/01/2024,1
1651,01/01/2024,1
1652,15/01/2024,1
1653,28/01/2024,1
1654,10/01/2024,1
1655,02/01/2024,1
1656,23/01/2024,1
1657,03/01/2024,1
1658,29/01/2024,1
1659,06/01/2024,1
1660,30/01/2024,1
1661,08/01/2024,1
1662,27/01/2024,1
1663,10/01/2024,1
1664,09/01/2024,1
1665,03/01/2024,1
1666,08/01/2024,1
1667,20/01/2024,1
1668,25/01/2024,1
1669,07/01/2024,1
1670,21/01/2024,1
1671,18/01/2024,1
1672,06/01/2024,1
1673,11/01/2024,1
1674,13/01/2024,1
1675,22/01/2024,1
1676,22/01/2024,1
1677,31/01/2024,1
1678,14/01/2024,1
1679,17/01/2024,1
1680,12/01/2024,1
1681,14/01/2024,1
1682,31/01/2024,1
1683,07/01/2024,1
1684,28/01/2024,1
1685,10/01/2024,1
1686,09/01/2024,1
1687,23/01/2024,1
1688,27/01/2024,1
1689,20/01/2024,1
1690,08/01/2024,1
1691,29/01/2024,1
1692,17/01/2024,1
1693,19/01/2024,1
1694,08/01/2024,1
1695,11/01/2024,1
1696,19/01/2024,1
1697,10/01/2024,1
1698,23/01/2024,1
1699,19/01/2024,1
1700,27/01/2024,1
1701,19/01/2024,1
1702,01/01/2024,1
1703,07/01/2024,1
1704,06/01/2024,1
1705,19/01/2024,1
1706,07/01/2024,1
1707,13/01/2024,1
1708,28/01/2024,1
1709,22/01/2024,1
1710,10/01/2024,1
1711,28/01/2024,1
1712,10/01/2024,1
1713,29/01/2024,1
1714,18/01/2024,1
1715,19/01/2024,1
1716,04/01/2024,1
1717,23/01/2024,1
1718,01/01/2024,1
1719,06/01/2024,1
1720,17/01/2024,1
1721,23/01/2024,1
1722,30/01/2024,1
1723,17/01/2024,1
1724,07/01/2024,1
1725,07/01/2024,1
1726,20/01/2024,1
1727,14/01/2024,1
1728,01/01/2024,1
1729,22/01/2024,1
1730,08/01/2024,1
1731,03/01/2024,1
1732,15/01/2024,1
1733,25/01/2024,1
1734,14/01/2024,1
1735,03/01/2024,1
1736,27/01/2024,1
1737,15/01/2024,1
1738,22/01/2024,1
1739,07/01/2024,1
1740,07/01/2024,1
1741,04/01/2024,1
1742,15/01/2024,1
1743,17/01/2024,1
1744,02/01/2024,1
1745,27/01/2024,1
1746,21/01/2024,1
1747,08/01/2024,1
1748,05/01/2024,1
1749,17/01/2024,1
1750,23/01/2024,1
1751,25/01/2024,1
1752,11/01/2024,1
1753,01/01/2024,1
1754,01/01/2024,1
1755,08/01/2024,1
1756,27/01/2024,1
1757,05/01/2024,1
1758,13/01/2024,1
1759,01/01/2024,1
1760,12/01/2024,1
1761,10/01/2024,1
1762,08/01/2024,1
1763,10/01/2024,1
1764,17/01/2024,1
1765,01/01/2024,1
1766,07/01/2024,1
1767,04/01/2024,1
1768,18/01/2024,1
1769,01/01/2024,1
1770,04/01/2024,1
1771,12/01/2024,1
1772,24/01/2024,1
1773,22/01/2024,1
1774,30/01/2024,1
1775,01/01/2024,1
1776,11/01/2024,1
1777,24/01/2024,1
1778,17/01/2024,1
1779,26/01/2024,1
1780,23/01/2024,1
1781,29/01/2024,1
1782,21/01/2024,1
1783,24/01/2024,1
1784,08/01/2024,1
1785,12/01/2024,1
1786,27/01/2024,1
1787,07/01/2024,1
1788,09/01/2024,1
1789,28/01/2024,1
1790,23/01/2024,1
1791,23/01/2024,1
1792,10/01/2024,1
1793,13/01/2024,1
1794,24/01/2024,1
1795,31/01/2024,1
1796,13/01/2024,1
1797,31/01/2024,1
1798,15/01/2024,1
1799,08/01/2024,1
1800,31/01/2024,1
1801,03/01/2024,1
1802,25/01/2024,1
1803,02/01/2024,1
1804,05/01/2024,1
1805,17/01/2024,1
1806,29/01/2024,1
1807,04/01/2024,1
1808,21/01/2024,1
1809,31/01/2024,1
1810,13/01/2024,1
1811,26/01/2024,1
1812,05/01/2024,1
1813,07/01/2024,1
1814,23/01/2024,1
1815,28/01/2024,1
1816,25/01/2024,1
1817,22/01/2024,1
1818,05/01/2024,1
1819,19/01/2024,1
1820,21/01/2024,1
1821,06/01/2024,1
1822,21/01/2024,1
1823,17/01/2024,1
1824,22/01/2024,1
1825,05/01/2024,1
1826,04/01/2024,1
1827,02/01/2024,1
1828,28/01/2024,1
1829,01/01/2024,1
1830,23/01/2024,1
1831,20/01/2024,1
1832,22/01/2024,1
1833,28/01/2024,1
1834,10/01/2024,1
1835,17/01/2024,1
1836,12/01/2024,1
1837,22/01/2024,1
1838,14/01/2024,1
1839,18/01/2024,1
1840,28/01/2024,1
1841,12/01/2024,1
1842,21/01/2024,1
1843,13/01/2024,1
1844,27/01/2024,1
1845,21/01/2024,1
1846,13/01/2024,1
1847,05/01/2024,1
1848,08/01/2024,1
1849,10/01/2024,1
1850,02/01/2024,1
1851,07/01/2024,1
1852,06/01/2024,1
1853,13/01/2024,1
1854,04/01/2024,1
1855,21/01/2024,1
1856,04/01/2024,1
1857,02/01/2024,1
1858,14/01/2024,1
1859,20/01/2024,1
1860,25/01/2024,1
1861,15/01/2024,1
1862,07/01/2024,1
1863,28/01/2024,1
1864,26/01/2024,1
1865,26/01/2024,1
1866,29/01/2024,1
1867,29/01/2024,1
1868,23/01/2024,1
1869,26/01/2024,1
1870,14/01/2024,1
1871,03/01/2024,1
1872,05/01/2024,1
1873,09/01/2024,1
1874,02/01/2024,1
1875,30/01/2024,1
1876,21/01/2024,1
1877,14/01/2024,1
1878,07/01/2024,1
1879,12/01/2024,1
1880,29/01/2024,1
1881,02/01/2024,1
1882,04/01/2024,1
1883,09/01/2024,1
1884,17/01/2024,1
1885,07/01/2024,1
1886,21/01/2024,1
1887,02/01/2024,1
1888,28/01/2024,1
1889,13/01/2024,1
1890,13/01/2024,1
1891,19/01/2024,1
1892,28/01/2024,1
1893,06/01/2024,1
1894,03/01/2024,1
1895,02/01/2024,1
1896,14/01/2024,1
1897,14/01/2024,1
1898,04/01/2024,1
1899,23/01/2024,1
1900,26/01/2024,1
1901,20/01/2024,1
1902,03/01/2024,1
1903,21/01/2024,1
1904,23/01/2024,1
1905,27/01/2024,1
1906,09/01/2024,1
1907,03/01/2024,1
1908,01/01/2024,1
1909,14/01/2024,1
1910,08/01/2024,1
1911,31/01/2024,1
1912,17/01/2024,1
1913,20/01/2024,1
1914,30/01/2024,1
1915,21/01/2024,1
1916,17/01/2024,1
1917,21/01/2024,1
1918,25/01/2024,1
1919,23/01/2024,1
1920,23/01/2024,1
1921,01/01/2024,1
1922,24/01/2024,1
1923,03/01/2024,1
1924,20/01/2024,1
1925,02/01/2024,1
1926,12/01/2024,1
1927,09/01/2024,1
1928,01/01/2024,1
1929,23/01/2024,1
1930,21/01/2024,1
1931,12/01/2024,1
1932,10/01/2024,1
1933,29/01/2024,1
1934,14/01/2024,1
1935,30/01/2024,1
1936,12/01/2024,1
1937,15/01/2024,1
1938,09/01/2024,1
1939,02/01/2024,1
1940,25/01/2024,1
1941,01/01/2024,1
1942,02/01/2024,1
1943,14/01/2024,1
1944,27/01/2024,1
1945,09/01/2024,1
1946,04/01/2024,1
1947,14/01/2024,1
1948,02/01/2024,1
1949,13/01/2024,1
1950,22/01/2024,1
1951,11/01/2024,1
1952,28/01/2024,1
1953,11/01/2024,1
1954,03/01/2024,1
1955,08/01/2024,1
1956,13/01/2024,1
1957,06/01/2024,1
1958,29/01/2024,1
1959,06/01/2024,1
1960,01/01/2024,1
1961,05/01/2024,1
1962,31/01/2024,1
1963,03/01/2024,1
1964,15/01/2024,1
1965,06/01/2024,1
1966,10/01/2024,1
1967,14/01/2024,1
1968,04/01/2024,1
1969,25/01/2024,1
1970,28/01/2024,1
1971,07/01/2024,1
1972,02/01/2024,1
1973,23/01/2024,1
1974,11/01/2024,1
1975,06/01/2024,1
1976,06/01/2024,1
1977,19/01/2024,1
1978,25/01/2024,1
1979,18/01/2024,1
1980,04/01/2024,1
1981,12/01/2024,1
1982,21/01/2024,1
1983,19/01/2024,1
1984,12/01/2024,1
1985,08/01/2024,1
1986,07/01/2024,1
1987,18/01/2024,1
1988,05/01/2024,1
1989,03/01/2024,1
1990,22/01/2024,1
1991,25/01/2024,1
1992,11/01/2024,1
1993,16/01/2024,1
1994,29/01/2024,1
1995,02/01/2024,1
1996,13/01/2024,1
1997,08/01/2024,1
1998,26/01/2024,1
1999,06/01/2024,1
2000,31/01/2024,1
